date,text,link
2018-04-24 12:34,Adwords Person (In-Office Individual),https://sandiego.craigslist.org/csd/web/d/adwords-person-in-office/6570447818.html
2018-04-23 13:18,Web Designer/Developer with an Eye for Design,https://sandiego.craigslist.org/csd/web/d/web-designer-developer-with/6569485560.html
2018-04-22 11:13,Contract Shopify Coder Needed - store remake [RUBY/LIQUID/HTML],https://sandiego.craigslist.org/csd/web/d/contract-shopify-coder-needed/6568396587.html
2018-04-20 14:36,Immediate opening - Entry level web developement,https://sandiego.craigslist.org/csd/web/d/immediate-opening-entry-level/6566883819.html
2018-04-20 10:44,Drupal Developer,https://sandiego.craigslist.org/csd/web/d/drupal-developer/6566621194.html
2018-04-19 16:43,Community Manager for Photography Category on GreatAt,https://sandiego.craigslist.org/csd/web/d/community-manager-for/6566023060.html
2018-04-19 13:51,Web and Graphic Designer and Social Media Director/Manager.,https://sandiego.craigslist.org/csd/web/d/web-and-graphic-designer-and/6565870761.html
2018-04-19 11:00,Graphic Designer / Web Designer - Part time,https://sandiego.craigslist.org/csd/web/d/graphic-designer-web-designer/6565681710.html
2018-04-19 08:24,Web Developer - Full time position,https://sandiego.craigslist.org/csd/web/d/web-developer-full-time/6565494220.html
2018-04-17 12:15,Web Development Specialist  w/Design Skills- Fulltime,https://sandiego.craigslist.org/csd/web/d/web-development-specialist/6563858692.html
2018-04-12 12:58,Graphic Designer- Freelance PART TIME ONSITE,https://sandiego.craigslist.org/csd/web/d/graphic-designer-freelance/6559317986.html
2018-04-12 11:09,Rockstar Web Designer/Developer For Fast Growing eComm Company,https://sandiego.craigslist.org/csd/web/d/rockstar-web-designer/6559193930.html
2018-04-10 14:25,SEO & Digital Marketing Project Manager (Fast Growing Company),https://sandiego.craigslist.org/csd/web/d/seo-digital-marketing-project/6557486088.html
2018-04-10 11:49,Website / Online Marketing Project Specialist,https://sandiego.craigslist.org/nsd/web/d/website-online-marketing/6557316908.html
2018-04-10 10:42,Jr. Production Artist - Freelance,https://sandiego.craigslist.org/csd/web/d/jr-production-artist-freelance/6557236654.html
2018-04-10 10:14,Marketing assistant,https://sandiego.craigslist.org/nsd/web/d/marketing-assistant/6557201874.html
2018-04-10 10:12,Full time Front End Web Designer- Wordpress / HTML,https://sandiego.craigslist.org/csd/web/d/full-time-front-end-web/6557199599.html
2018-04-09 23:28,Internet Marketing Technician Job Vacancy,https://sandiego.craigslist.org/ssd/web/d/internet-marketing-technician/6556837843.html
2018-04-09 19:40,"Need P/T RE Licensee to assist with sales, escrow, social media",https://sandiego.craigslist.org/nsd/web/d/need-t-re-licensee-to-assist/6556762216.html
2018-04-09 12:50,Digital Designer / WordPress Developer- Freelance (OFFSITE FLEX),https://sandiego.craigslist.org/csd/web/d/digital-designer-wordpress/6556407873.html
2018-04-09 12:31,UX/UI Designer - Freelance,https://sandiego.craigslist.org/csd/web/d/ux-ui-designer-freelance/6556385328.html
2018-04-09 12:24,Graphic Designer - Freelance to Fulltime,https://sandiego.craigslist.org/csd/web/d/graphic-designer-freelance-to/6556377595.html
2018-04-09 12:10,Sr. UX/UI Designer- Freelance,https://sandiego.craigslist.org/csd/web/d/sr-ux-ui-designer-freelance/6556360788.html
2018-04-09 12:08,Email Specialist  w/Design Skills- Fulltime,https://sandiego.craigslist.org/csd/web/d/email-specialist-design/6556358642.html
2018-04-09 11:28,Graphic Designer (Print) - Freelance,https://sandiego.craigslist.org/csd/web/d/graphic-designer-print/6556309588.html
2018-04-09 11:22,Mid/Senior Full Stack PHP/Web Developer,https://sandiego.craigslist.org/csd/web/d/mid-senior-full-stack-php-web/6556301240.html
2018-04-06 17:07,Website Changes,https://sandiego.craigslist.org/csd/web/d/website-changes/6554058939.html
2018-04-05 12:01,Web Designer/Developer,https://sandiego.craigslist.org/csd/web/d/web-designer-developer/6552804978.html
2018-04-04 12:24,Website Developer Wanted - Remote work not accepted - Magento,https://sandiego.craigslist.org/csd/web/d/website-developer-wanted/6551880218.html
2018-04-03 11:25,Part-time Graphic/Web Designer and/or Paid Internship Position,https://sandiego.craigslist.org/nsd/web/d/part-time-graphic-web/6550850386.html
2018-03-30 18:27,User Interface (UI & UX) Designer - Fun Start-Up in Vista,https://sandiego.craigslist.org/nsd/web/d/user-interface-ui-ux-designer/6547800342.html
2018-03-28 11:32,Full Time Graphic Designer,https://sandiego.craigslist.org/csd/web/d/full-time-graphic-designer/6545538196.html
2018-03-27 16:37,POSITION: Experienced Web Designer & Front End Developer,https://sandiego.craigslist.org/csd/web/d/position-experienced-web/6544873698.html
2018-03-27 12:06,Social Media Posting - Work at Home,https://sandiego.craigslist.org/nsd/web/d/social-media-posting-work-at/6544600841.html
2018-03-27 08:44,Production Designer - Freelance,https://sandiego.craigslist.org/csd/web/d/production-designer-freelance/6544347581.html
2018-03-26 15:53,Web Designer / Developer (In-House),https://sandiego.craigslist.org/nsd/web/d/web-designer-developer-in/6543847285.html
2018-03-26 13:17,Full-Time Web Developer,https://sandiego.craigslist.org/csd/web/d/full-time-web-developer/6543685221.html
2018-03-26 10:24,IT Tech (Entry Level),https://sandiego.craigslist.org/csd/web/d/it-tech-entry-level/6543471334.html
2018-04-25 10:53,Looking for website Tech or designer MUST LIVE IN TIJUANA.,https://tijuana.craigslist.com.mx/web/d/looking-for-website-tech-or/6571283827.html
2018-04-23 16:22,Vende tus productos a través de Ebay USA,https://tijuana.craigslist.com.mx/web/d/vende-tus-productos-travs-de/6546066309.html
2018-04-23 14:08,solicito editor de vídeos,https://tijuana.craigslist.com.mx/web/d/solicito-editor-de-vdeos/6569537596.html
2018-04-21 14:33,Diseñador grafico,https://tijuana.craigslist.com.mx/web/d/diseador-grafico/6567796173.html
2018-04-21 12:10,BILINGUAL AGENTS NEEDED!,https://tijuana.craigslist.com.mx/web/d/bilingual-agents-needed/6567609391.html
2018-04-20 17:36,HIRING BILINGUAL AGENTS!,https://tijuana.craigslist.com.mx/web/d/hiring-bilingual-agents/6567029631.html
2018-04-19 16:21,GIVE US A CALL TODAY!,https://tijuana.craigslist.com.mx/web/d/give-us-call-today/6565995878.html
2018-04-19 12:45,HIRING SALES REPS!,https://tijuana.craigslist.com.mx/web/d/hiring-sales-reps/6565796574.html
2018-04-18 14:42,Android and/or iOS developer,https://tijuana.craigslist.com.mx/web/d/android-and-or-ios-developer/6558452382.html
2018-04-18 14:38,Full-Stack Developer (PHP/MySQL/JS/jQuery),https://tijuana.craigslist.com.mx/web/d/full-stack-developer-php/6564965678.html
2018-04-18 11:00,Web Design & Internet Marketing Project Manager with ability to Write,https://tijuana.craigslist.com.mx/web/d/web-design-internet-marketing/6549783724.html
2018-04-17 17:44,"†Experienced Web Developer, Work from home, Freelance†",https://tijuana.craigslist.com.mx/web/d/experienced-web-developer/6564147539.html
2018-04-17 16:07,IMMEDIATE HIRING!,https://tijuana.craigslist.com.mx/web/d/immediate-hiring/6564083442.html
2018-04-17 14:11,Necesitamos ayuda con la funcionalidad de nuestra página web.,https://tijuana.craigslist.com.mx/web/d/necesitamos-ayuda-con-la/6563856599.html
2018-04-16 11:41,CALL CENTER AGENTS- WEEKENDS OFF!,https://tijuana.craigslist.com.mx/web/d/call-center-agents-weekends/6562832893.html
2018-04-13 12:49,WEEKENDS OFF!!,https://tijuana.craigslist.com.mx/web/d/weekends-off/6560253574.html
2018-04-12 18:12,HIRING TELEPHONE AGENTS!,https://tijuana.craigslist.com.mx/web/d/hiring-telephone-agents/6559559876.html
2018-04-12 14:41,WE NEED PEOPLE LIKE YOU!,https://tijuana.craigslist.com.mx/web/d/we-need-people-like-you/6559387621.html
2018-04-12 11:44,Web Page Designer/Admin Assistant/Work From Home,https://tijuana.craigslist.com.mx/web/d/web-page-designer-admin/6559230845.html
2018-04-12 11:07,NOW HIRING!,https://tijuana.craigslist.com.mx/web/d/now-hiring/6559171691.html
2018-04-11 11:18,WE NEED YOU!,https://tijuana.craigslist.com.mx/web/d/we-need-you/6558196711.html
2018-04-10 14:00,LOOKING FOR A JOB?,https://tijuana.craigslist.com.mx/web/d/looking-for-job/6557440772.html
2018-04-10 09:26,"CONTACT US, WE'RE WAITING FOR YOU!",https://tijuana.craigslist.com.mx/web/d/contact-us-were-waiting-for/6557136688.html
2018-04-09 09:47,Speak English? Contact Us Today!,https://tijuana.craigslist.com.mx/web/d/speak-english-contact-us-today/6556175976.html
2018-04-09 09:18,Se busca experto freelancer en diseño web.,https://tijuana.craigslist.com.mx/web/d/se-busca-experto-freelancer/6556138960.html
2018-04-08 19:59,SCHEDULE YOUR INTERVIEW TODAY!,https://tijuana.craigslist.com.mx/web/d/schedule-your-interview-today/6555772509.html
2018-04-23 22:33,Website Support Specialist,https://orangecounty.craigslist.org/web/d/website-support-specialist/6569887561.html
2018-04-20 15:55,E-Commerce Website Development Maintenance for Drone-World.com,https://orangecounty.craigslist.org/web/d/commerce-website-development/6566955611.html
2018-04-18 12:09,Assistant Designer,https://orangecounty.craigslist.org/web/d/assistant-designer/6564810256.html
2018-04-15 15:47,Web Designer,https://orangecounty.craigslist.org/web/d/web-designer/6562142593.html
2018-04-15 10:30,Take photos for internet auction ads,https://orangecounty.craigslist.org/web/d/take-photos-for-internet/6561851845.html
2018-04-13 15:48,E-commerce/Amazon Seller Central & FBA,https://orangecounty.craigslist.org/web/d/commerce-amazon-seller/6560463930.html
2018-04-12 15:15,"PAID INTERNS - DIGITAL MARKETING,  WRITER, GRAPHIC DESIGNER",https://orangecounty.craigslist.org/web/d/paid-interns-digital/6559455361.html
2018-04-12 13:17,WEB DESIGN FULL OR PART TIME,https://orangecounty.craigslist.org/web/d/web-design-full-or-part-time/6559337690.html
2018-04-09 15:30,Equipment Financing (Sales),https://orangecounty.craigslist.org/web/d/equipment-financing-sales/6556575465.html
2018-04-09 15:28,Need Part time Macbook Pro expert - mail indexing expert - etc...,https://orangecounty.craigslist.org/web/d/need-part-time-macbook-pro/6556573863.html
2018-04-09 15:24,C#/ASP.NET Developer,https://orangecounty.craigslist.org/web/d/aspnet-developer/6556570167.html
2018-04-09 14:33,Onsite SEO Strategist,https://orangecounty.craigslist.org/web/d/onsite-seo-strategist/6556521133.html
2018-04-09 15:56,Office Assistant,https://inlandempire.craigslist.org/web/d/office-assistant/6556599317.html
2018-04-25 10:15,Project Manager Software Mobile Application iOS Android IT,https://losangeles.craigslist.org/lgb/web/d/project-manager-software/6571273620.html
2018-04-24 16:56,Web Design Graphic Designer / Web Management,https://losangeles.craigslist.org/sgv/web/d/web-design-graphic-designer/6570705726.html
2018-04-24 15:32,Digital Agency Seeking Junior Web Developer,https://losangeles.craigslist.org/wst/web/d/digital-agency-seeking-junior/6570634612.html
2018-04-24 13:08,SEEKING 20 MOTIVATED INDIVIDUALS IMMEDIATELY!,https://losangeles.craigslist.org/sfv/web/d/seeking-20-motivated/6570486761.html
2018-04-23 17:22,Women Fashion Oriented Graphic Designer,https://losangeles.craigslist.org/lac/web/d/women-fashion-oriented/6569724289.html
2018-04-23 14:14,MARKETING/E-COMMERCE ASSOCIATE WANTED - FULL TIME POSITION,https://losangeles.craigslist.org/sgv/web/d/marketing-commerce-associate/6569548958.html
2018-04-23 13:44,Start-Up | WordPress / WooCommerce / PHP /  Web Developer,https://losangeles.craigslist.org/wst/web/d/start-up-wordpress/6569515295.html
2018-04-23 10:47,HUGE OPPORTUNITY WITH ECOMMERCE CONSULTING COMPANY!  BE YOUR OWN BOSS!,https://losangeles.craigslist.org/wst/web/d/huge-opportunity-with/6569300998.html
2018-04-22 21:42,Website @ App Project Manager,https://losangeles.craigslist.org/sfv/web/d/website-app-project-manager/6568844414.html
2018-04-22 19:31,Full Stack Developer Needed / Part-Time / Can Work Remotely,https://losangeles.craigslist.org/wst/web/d/full-stack-developer-needed/6568790156.html
2018-04-22 18:25,"---:: Junior UX/UI Designer - In-House Position - $50,000 Salary ::---",https://losangeles.craigslist.org/wst/web/d/junior-ux-ui-designer-in/6568751133.html
2018-04-20 22:50,Full time eBay posting and data entry for a luxury wheel shop,https://losangeles.craigslist.org/sfv/web/d/full-time-ebay-posting-and/6567169765.html
2018-04-20 17:59,over the phone -  Luxury Sales -  Beverly Hills - CEO Needs Team,https://losangeles.craigslist.org/wst/web/d/over-the-phone-luxury-sales/6567047555.html
2018-04-20 15:28,Full Stack Web Developer needed for Media / Fitness Company,https://losangeles.craigslist.org/wst/web/d/full-stack-web-developer/6566932481.html
2018-04-20 11:40,E-commerce/Social Media Specialist,https://losangeles.craigslist.org/lac/web/d/commerce-social-media/6566689820.html
2018-04-20 09:22,E-Commerce Junior Web Developer,https://losangeles.craigslist.org/lac/web/d/commerce-junior-web-developer/6566518847.html
2018-04-19 11:20,► PHP DEVELOPER / MAGENTO - Remote / Telecommute Optional ◄,https://losangeles.craigslist.org/wst/web/d/php-developer-magento-remote/6565704504.html
2018-04-19 09:44,Sr. PHP/MySQL Developer,https://losangeles.craigslist.org/sfv/web/d/sr-php-mysql-developer/6565590661.html
2018-04-18 10:03,IT & WEBMASTER NEEDED,https://losangeles.craigslist.org/wst/web/d/it-webmaster-needed/6564663024.html
2018-04-17 17:41,Multi-talented and Energetic Individual Wanted for Website and more,https://losangeles.craigslist.org/lgb/web/d/multi-talented-and-energetic/6564163679.html
2018-04-17 11:37,E-Commerce Assistant Wanted,https://losangeles.craigslist.org/wst/web/d/commerce-assistant-wanted/6563813618.html
2018-04-17 10:45,Senior Software Engineer,https://losangeles.craigslist.org/wst/web/d/senior-software-engineer/6563751322.html
2018-04-16 17:59,Digital Media Marketing Manager,https://losangeles.craigslist.org/sfv/web/d/digital-media-marketing/6563216490.html
2018-04-16 10:39,Part Time Help with Basic Woocommerce + Administrative/Office Tasks,https://losangeles.craigslist.org/wst/web/d/part-time-help-with-basic/6562769504.html
2018-04-16 09:31,HUGE OPPORTUNITY WITH ECOMMERCE CONSULTING COMPANY!  BE YOUR OWN BOSS!,https://losangeles.craigslist.org/wst/web/d/huge-opportunity-with/6562681837.html
2018-04-15 17:27,Web Production Designer Needed for Media/Fitness Company,https://losangeles.craigslist.org/wst/web/d/web-production-designer/6562215745.html
2018-04-15 16:40,7 Bartenders 3 barbacks Needed. ASAP.   No experience required,https://losangeles.craigslist.org/sfv/web/d/7-bartenders-3-barbacks/6562183104.html
2018-04-14 10:40,Graphic Designer Wanted - Activewear,https://losangeles.craigslist.org/sgv/web/d/graphic-designer-wanted/6561067700.html
2018-04-13 20:14,Sr. Full-Stack Developer (Full-Time),https://losangeles.craigslist.org/sfv/web/d/sr-full-stack-developer-full/6560634794.html
2018-04-13 09:33,Immediate Hiring: MAGENTO EXPERT (STUDIO CITY),https://losangeles.craigslist.org/sfv/web/d/immediate-hiring-magento/6560044891.html
2018-04-12 13:52,Web - Conversion Rate Optimizer (CRO),https://losangeles.craigslist.org/wst/web/d/web-conversion-rate-optimizer/6559374752.html
2018-04-11 10:28,WEBSITE/ E-COMMERCE COMPUTER SPECIALIST,https://losangeles.craigslist.org/lac/web/d/website-commerce-computer/6558188448.html
2018-04-11 06:21,THE BEST JOB ON THIS BOARD!!!!,https://losangeles.craigslist.org/wst/web/d/the-best-job-on-this-board/6557912175.html
2018-04-10 15:53,Full Stack Development and Technical Support,https://losangeles.craigslist.org/sfv/web/d/full-stack-development-and/6557567487.html
2018-04-10 13:38,IMMEDIATE OPENING FOR GRAPHIC DESIGNER INTERN WITH BASIC HTML / CSS SK,https://losangeles.craigslist.org/lac/web/d/immediate-opening-for-graphic/6557436714.html
2018-04-10 13:09,"Project Manager for Design, Web and Integration - Pasadena, CA",https://losangeles.craigslist.org/sfv/web/d/project-manager-for-design/6557405426.html
2018-04-10 11:16,Graphic Designer - Hiring ASAP,https://losangeles.craigslist.org/sgv/web/d/graphic-designer-hiring-asap/6557277077.html
2018-04-09 22:35,Digital Marketing Manager - Immediate Hire,https://losangeles.craigslist.org/wst/web/d/digital-marketing-manager/6556827398.html
2018-04-09 22:30,Growth Hacker / YouTube Expert,https://losangeles.craigslist.org/wst/web/d/growth-hacker-youtube-expert/6556826212.html
2018-04-09 15:21,creative front end web designer needed,https://losangeles.craigslist.org/lac/web/d/creative-front-end-web/6556566636.html
2018-04-09 10:54,GREAT SIDE BUSINESS!  GUARANTEED MONTHLY INCOME!,https://losangeles.craigslist.org/wst/web/d/great-side-business/6556266501.html
2018-04-09 10:20,Full Stack PHP Developer,https://losangeles.craigslist.org/wst/web/d/full-stack-php-developer/6556222450.html
2018-04-09 10:12,QA Specialist (Web Tester),https://losangeles.craigslist.org/sgv/web/d/qa-specialist-web-tester/6556213190.html
